Heading,Count
History,251
External links,245
References,242
See also,194
Geography,176
Economy,155
Notable people,139
Education,135
Demographics,128
Culture,127
Notes,94
Transport,88
Sports,81
Etymology,73
Transportation,68
Further reading,65
Twin towns – sister cities,65
International relations,64
Climate,58
Gallery,57
Bibliography,38
Government,34
Sport,32
Sister cities,30
Main sights,28
Tourism,27
Politics,26
Media,26
Infrastructure,26
In popular culture,22
Cityscape,20
Sources,16
Architecture,16
Sights,15
Demography,15
Landmarks,15
Government and politics,14
Population,14
Administration,13
Healthcare,12
Name,12
Administrative divisions,11
Attractions,11
Geography and climate,10
Governance,10
Twin towns and sister cities,10
Toponymy,9
Health,8
Districts,7
Religion,7
People,7
Notable residents,7
Symbols,7
Politics and government,7
Administrative and municipal status,6
Language,6
Festivals,6
Explanatory notes,6
Names,6
Subdivisions,5
Twin towns,5
Arts and culture,4
General information,4
Geography and environment,4
Administrative division,4
Public services,4
Cuisine,3
Etymology and names,3
Gastronomy,3
World Heritage Site,3
Coat of arms,3
Neighbourhoods,3
Governance and politics,3
The municipality,3
Popular culture,3
Places of worship,3
Points of interest,3
Names and etymology,3
Museums,3
Toponym,3
Archaeology,3
Festival,3
Universities,2
Cityscape and architecture,2
Culture and sights,2
Historical sites,2
Notable sites,2
The city,2
Events,2
Tourist attractions,2
Notable individuals,2
Culture and Tourism,2
Society,2
Heritage,2
Culture and contemporary life,2
Twin towns — sister cities,2
Municipalities,2
Environment,2
Literature,2
Society and culture,2
Notable inhabitants,2
Name and etymology,2
Honours,2
Image gallery,2
Heraldry,2
Religions,2
Suburbs,2
Food,2
Description,2
Citations,2
Note,2
Communication,2
List of notable people,2
Culture and tourism,2
Places of interest,2
Famous people,2
Famous residents,2
Archeological sites,2
Neighborhoods,2
Villages,2
Utilities,2
Main sites,2
Municipality,2
Government and administration,2
Natives,2
Churches,2
Genealogical resources,2
Education and research,2
Notes and references,2
Consular representations,2
Composition,2
The Music,1
Economy and services,1
Cited and general sources,1
Religious monuments and churches,1
Miscellaneous,1
The town,1
Economy and tourism,1
Surrounding towns,1
Character and legacy,1
Old City in films,1
Recurring events,1
Cultural Heritage sites,1
Municipality of Oaxaca,1
The University and the fraternities,1
Early accounts in the West,1
Festivals and events,1
Namesakes,1
"Media, literature, and film",1
General bibliography,1
Name and usage,1
Travel and culture,1
Economy and infrastructure,1
Notable natives and residents,1
Major communities,1
Myths and legends,1
"Science, research and hi-tech centres",1
Administration and politics,1
Parks,1
Legacy,1
Law and government,1
Sights in and around Tétouan,1
Personalities,1
Prehistory,1
Health and medical care,1
Maiolica,1
Deer in Nara,1
Photo gallery,1
Festivals and celebrations,1
Highlights,1
Nicknames and mottos,1
Identity,1
Annual Events,1
Historic monuments and landmarks,1
Views,1
Public transport,1
Names and symbols,1
Panoramic View,1
Challenges,1
Nearby,1
Major tourist attractions,1
Local culture,1
Natural resources,1
Hydrological,1
The Monastic Fraternities of Jerusalem,1
Dolphins in the bay,1
People and places of note,1
Firjan (districts),1
Landmarks and culture,1
In the arts,1
Sport in Trogir,1
Prominent people from Nancy,1
Constituencies,1
Universities and colleges,1
Government and infrastructure,1
Modern pilgrimage,1
Authorities,1
Entertainment,1
Architecture and landscape,1
Moscow rings,1
Paleontology,1
Parks and green zones,1
"Geography, climate and ecology",1
Topographical zones,1
Transportation and communications,1
Buildings and architecture,1
Sports teams,1
Way of St. James,1
Sights and events,1
Social infrastructure,1
City,1
Filigree,1
Culture and the arts,1
Surrounding area,1
European role,1
Conservation and World Heritage Site,1
Water and sanitation,1
Transport and communications,1
Toponymy and names,1
Mitla archeological site,1
Town,1
In art,1
Military,1
"Parks, squares and cemeteries",1
Telecommunications,1
Antipode,1
Viennese people,1
Libraries,1
Geography and territorial organization,1
Twin cities and towns,1
International rankings,1
Etymology and other names,1
Culinary specialities,1
The City of Four Names,1
Nomenclature,1
Works cited,1
Industry sectors,1
Demographics and name,1
Nature,1
Influence,1
Politics and administration,1
Panoramic view,1
Demographic evolution,1
Mayors and Lord Mayors,1
Non-religious festivals,1
Health system,1
A city flag,1
Etymology and origins,1
Monuments,1
Foreign relations,1
Environmental issues,1
Media and communications,1
Notable natives,1
Yearly events,1
Media gallery,1
Consolidation of municipalities,1
Main attractions,1
Recreation,1
Crime,1
Economics,1
Other landmarks,1
Administrative districts,1
Fauna,1
Twin towns - sister cities,1
Sights and architecture,1
Municipal government,1
Territory,1
Districts and enlargement,1
Festivals and holidays,1
Film,1
Cityscape and environment,1
In cinema,1
Notable citizens,1
Public safety,1
The city and borough,1
External sources,1
Tourism and recreation,1
Notable people from Trogir,1
"Canals, chinampas and trajineras",1
Footnotes and references,1
Expansion and municipality merger,1
Layout,1
Energy,1
The City,1
International relationships,1
Attractions and tourism,1
Products,1
Sister Cities,1
Local Divisions,1
Telecommunication,1
Rohrpost,1
"Landmarks, arts, and culture",1
Quality of life,1
Notable people from Bergen,1
Parks and bathing places,1
Culture and sports,1
Bergama Festival,1
Bergama Carpets,1
Wind turbine manufacturing,1
Diplomatic missions in Barbados,1
Town twinning policy,1
Kozak Plateau,1
Main sights and tourism,1
Pollution,1
Cityscape and landmarks,1
Sister towns,1
Nature reserves,1
Baekje Cultural Festival,1
Commerce,1
Infrastructure and transportation,1
Etymology and pronunciation,1
As a capital,1
Parks and green spaces,1
Security and emergency services,1
Shopping,1
International institutions,1
Brussels and the European Union,1
French and Flemish communities,1
Brussels-Capital Region,1
Ovacık gold mine,1
Allianoi,1
Communications and transportation,1
The city today,1
Special product,1
Local specialty foods,1
Housing,1
Films about Algiers,1
Local architecture,1
Name origin,1
Immigration,1
Other buildings,1
People from Andong,1
Cathedral,1
University,1
Civic administration,1
Air pollution,1
Airport and military usage,1
Old City,1
Education and culture,1
Visitor attractions in Andong,1
Buddhism and Cultural Heritage,1
Sights of interest within Bergama city,1
Water Management System,1
General features,1
Local government,1
Population centres,1
Sources and external links,1
Notable locals,1
Local city nicknames,1
Incorporations,1
Main historic sights,1
Local media,1
Parks and recreation,1
Sights and attractions,1
Society and Culture,1
City symbols,1
Other towns within the municipality,1
Aranjuez in the arts,1
Sports facilities,1
Political-administrative division,1
Historical importance,1
Notable landmarks,1
Etymology and spelling,1
Urban structure,1
Religious significance,1
Municipal administration,1
Political status,1
General and cited sources,1
Issues and challenges,1
Historical Jeddah,1
Culture and cityscape,1
Diplomatic missions,1
Names and pronunciation,1
World Heritages,1
Symbol,1
Heritage and tourism,1
Weather,1
Landmarks and historical centers,1
Houses,1
Twin towns—sister cities,1
District Council,1
Special products,1
Central Kazan,1
Historical monuments,1
Overview,1
Notable people from Khiva,1
Overview of architectural monuments of Khiva,1
Archaeological and cultural significance,1
Industry and production,1
Education and science,1
International relations and organizations,1
Health care,1
Mountaineering,1
Architecture and cityscape,1
Government and public services,1
In literature,1
Prominent People from Karlskrona,1
Culture and heritages,1
Ports,1
City layout,1
Enterprise city,1
Arts,1
Festivals and dance,1
Statistical micro-region,1
Business,1
European subsidies,1
Town twinning,1
Economy and culture,1
Consulate general,1
Spelling and etymology,1
Festivities,1
Health and education,1
Twin towns – Sister cities,1
Consular representation,1
Urban fabric,1
Leisure,1
Sites of interest,1
Media appearances,1
In culture,1
Economic activities,1
Acknowledgements,1
Welfare,1
Notable people from Ghardaïa,1
Culture and people,1
Traditional markets,1
International events,1
Social welfare,1
Foreign sister cities,1
Wildlife conservation,1
Condotels and Apartments ban,1
Localities,1
Nicknames,1
Layout and architecture,1
Old Town of Ghadames,1
Museums and culture,1
Twinning,1
Hospital,1
Civil parishes,1
UNESCO site,1
Wards,1
